Data Size (GB),Number of Nodes,Pytorch,Ray
1.99,1,0.38098028814336005,0.3793750967378633
1.99,2,0.38157065231810716,0.3793750967378633
1.99,3,0.381122618795782,0.3793750967378633
3.7,1,0.3862725406836596,0.3860743420266854
3.7,2,0.38553140647786877,0.3860743420266854
3.7,3,0.3839983211501954,0.3860743420266854
5.48,1,0.38792964716174033,0.38851381356268355
5.48,2,0.38619225684564873,0.38851381356268355
5.48,3,0.38478026786953756,0.38851381356268355
