{
    "files_processed": 2,
    "execution_time": 134.00131273269653,
    "clustering_results": [
        {
            "clusters": {
                "0": {
                    "size": 122,
                    "center": [
                        40.883176217313675,
                        -73.87795765673529
                    ]
                },
                "1": {
                    "size": 906,
                    "center": [
                        40.71462469110813,
                        -73.95405079254758
                    ]
                },
                "2": {
                    "size": 291,
                    "center": [
                        40.717591505207245,
                        -73.83159034157617
                    ]
                },
                "3": {
                    "size": 1745,
                    "center": [
                        40.77071297849235,
                        -73.98322004756528
                    ]
                },
                "4": {
                    "size": 2289,
                    "center": [
                        40.72799604009424,
                        -73.9872625430675
                    ]
                },
                "5": {
                    "size": 1095,
                    "center": [
                        40.644960231659134,
                        -73.78391437682113
                    ]
                },
                "6": {
                    "size": 1313,
                    "center": [
                        40.771568361230685,
                        -73.86873682464649
                    ]
                },
                "7": {
                    "size": 532,
                    "center": [
                        40.677075473588346,
                        -73.97670182152838
                    ]
                },
                "8": {
                    "size": 1064,
                    "center": [
                        40.802288690398186,
                        -73.9636085439811
                    ]
                },
                "9": {
                    "size": 592,
                    "center": [
                        40.749333735695465,
                        -73.9361151117021
                    ]
                },
                "10": {
                    "size": 260,
                    "center": [
                        40.64433788852774,
                        -73.9651392453328
                    ]
                },
                "11": {
                    "size": 2045,
                    "center": [
                        40.74230890151797,
                        -73.99998510653631
                    ]
                },
                "12": {
                    "size": 2045,
                    "center": [
                        40.76891055510515,
                        -73.95997003334364
                    ]
                },
                "13": {
                    "size": 1537,
                    "center": [
                        40.71134579002691,
                        -74.01028979966708
                    ]
                },
                "14": {
                    "size": 766,
                    "center": [
                        40.82632191894183,
                        -73.94485382793295
                    ]
                },
                "15": {
                    "size": 1016,
                    "center": [
                        40.75922718161367,
                        -73.9198537171245
                    ]
                },
                "16": {
                    "size": 2746,
                    "center": [
                        40.75765872810409,
                        -73.97308278187941
                    ]
                },
                "17": {
                    "size": 122,
                    "center": [
                        40.72821284122154,
                        -73.74539163724972
                    ]
                },
                "18": {
                    "size": 368,
                    "center": [
                        40.67805088913336,
                        -73.95472547819855
                    ]
                },
                "19": {
                    "size": 150,
                    "center": [
                        40.83955952538385,
                        -73.86067075941297
                    ]
                },
                "20": {
                    "size": 66,
                    "center": [
                        40.69238194552335,
                        -74.09558151707505
                    ]
                },
                "21": {
                    "size": 1747,
                    "center": [
                        40.77980813519815,
                        -73.95253162351479
                    ]
                },
                "22": {
                    "size": 97,
                    "center": [
                        40.66462587739067,
                        -73.9104822698152
                    ]
                },
                "23": {
                    "size": 1775,
                    "center": [
                        40.74365417661104,
                        -73.98197270925296
                    ]
                },
                "24": {
                    "size": 476,
                    "center": [
                        40.74637330874091,
                        -73.89180256885787
                    ]
                },
                "25": {
                    "size": 83,
                    "center": [
                        40.60820605649526,
                        -73.98218066970028
                    ]
                },
                "26": {
                    "size": 1334,
                    "center": [
                        40.78720332157636,
                        -73.97437915175414
                    ]
                },
                "27": {
                    "size": 440,
                    "center": [
                        40.69651304829927,
                        -73.93012773384541
                    ]
                },
                "28": {
                    "size": 81,
                    "center": [
                        40.663374196522945,
                        -73.8708665102107
                    ]
                },
                "29": {
                    "size": 857,
                    "center": [
                        40.80073854581055,
                        -73.94231720328949
                    ]
                },
                "30": {
                    "size": 328,
                    "center": [
                        40.69523244812375,
                        -73.81126425252418
                    ]
                },
                "31": {
                    "size": 427,
                    "center": [
                        40.8521560175295,
                        -73.924767191217
                    ]
                },
                "32": {
                    "size": 918,
                    "center": [
                        40.687724220627345,
                        -73.98955573152068
                    ]
                },
                "33": {
                    "size": 2573,
                    "center": [
                        40.75583845429444,
                        -73.9914406593749
                    ]
                },
                "34": {
                    "size": 21,
                    "center": [
                        40.84900174822126,
                        -74.05591147286552
                    ]
                },
                "35": {
                    "size": 77,
                    "center": [
                        40.60166780876391,
                        -73.9410201729118
                    ]
                },
                "36": {
                    "size": 1887,