{
    "files_processed": 1,
    "execution_time": 56.941561698913574,
    "clustering_results": [
        {
            "clusters": {
                "0": {
                    "size": 822,
                    "center": [
                        40.72872225236298,
                        -73.98694005455908
                    ]
                },
                "1": {
                    "size": 316,
                    "center": [
                        40.772517394333455,
                        -73.87156640728193
                    ]
                },
                "2": {
                    "size": 219,
                    "center": [
                        40.815748501466764,
                        -73.95074095897206
                    ]
                },
                "3": {
                    "size": 370,
                    "center": [
                        40.64559175247282,
                        -73.78460812246668
                    ]
                },
                "4": {
                    "size": 642,
                    "center": [
                        40.75906751272956,
                        -73.99096187698329
                    ]
                },
                "5": {
                    "size": 409,
                    "center": [
                        40.7586934130546,
                        -73.91984183684028
                    ]
                },
                "6": {
                    "size": 222,
                    "center": [
                        40.677779123919315,
                        -73.96375767655917
                    ]
                },
                "7": {
                    "size": 134,
                    "center": [
                        40.70047743830516,
                        -73.81506946905337
                    ]
                },
                "8": {
                    "size": 231,
                    "center": [
                        40.8375250642182,
                        -73.93744405996131
                    ]
                },
                "9": {
                    "size": 348,
                    "center": [
                        40.715024790100216,
                        -73.95399016517764
                    ]
                },
                "10": {
                    "size": 628,
                    "center": [
                        40.770290572593865,
                        -73.95880719855465
                    ]
                },
                "11": {
                    "size": 526,
                    "center": [
                        40.710842851966206,
                        -74.01040238125904
                    ]
                },
                "12": {
                    "size": 40,
                    "center": [
                        40.604033660888675,
                        -73.93701934814453
                    ]
                },
                "13": {
                    "size": 55,
                    "center": [
                        40.84820379777387,
                        -73.85301492864436
                    ]
                },
                "14": {
                    "size": 35,
                    "center": [
                        40.723690032958984,
                        -73.73050177437919
                    ]
                },
                "15": {
                    "size": 186,
                    "center": [
                        40.74445530817882,
                        -73.88884919010783
                    ]
                },
                "16": {
                    "size": 61,
                    "center": [
                        40.62190806279416,
                        -74.00757466509042
                    ]
                },
                "17": {
                    "size": 739,
                    "center": [
                        40.74625717927007,
                        -73.993946294474
                    ]
                },
                "18": {
                    "size": 10,
                    "center": [
                        40.7941333770752,
                        -74.07571105957031
                    ]
                },
                "19": {
                    "size": 422,
                    "center": [
                        40.68481423197933,
                        -73.98764660727205
                    ]
                },
                "20": {
                    "size": 439,
                    "center": [
                        40.78585370341275,
                        -73.97541459762458
                    ]
                },
                "21": {
                    "size": 821,
                    "center": [
                        40.76025833963986,
                        -73.97047163066712
                    ]
                },
                "22": {
                    "size": 36,
                    "center": [
                        40.67038348869042,
                        -73.87218464745416
                    ]
                },
                "23": {
                    "size": 188,
                    "center": [
                        40.69528629226348,
                        -73.9306709680893
                    ]
                },
                "24": {
                    "size": 818,
                    "center": [
                        40.74700679513231,
                        -73.97965446224345
                    ]
                },
                "25": {
                    "size": 204,
                    "center": [
                        40.74887139567578,
                        -73.93834095443934
                    ]
                },
                "26": {
                    "size": 283,
                    "center": [
                        40.79977725695006,
                        -73.94166331468186
                    ]
                },
                "27": {
                    "size": 147,
                    "center": [
                        40.72271694611325,
                        -73.84511476139208
                    ]
                },
                "28": {
                    "size": 633,
                    "center": [
                        40.73716218431126,
                        -74.00305882088135
                    ]
                },
                "29": {
                    "size": 597,
                    "center": [
                        40.779897902378856,
                        -73.9524494045485
                    ]
                },
                "30": {
                    "size": 19,
                    "center": [
                        40.59776607312654,
                        -73.73856996235095
                    ]
                },
                "31": {
                    "size": 18,
                    "center": [
                        40.76516183217367,
                        -73.78613832261827
                    ]
                },
                "32": {
                    "size": 15,
                    "center": [
                        40.72462819417318,
                        -74.08200378417969
                    ]
                },
                "33": {
                    "size": 102,
                    "center": [
                        40.64319104024861,
                        -73.96818496749812
                    ]
                },
                "34": {
                    "size": 8,
                    "center": [
                        40.6219801902771,
                        -74.10052013397217
                    ]
                },
                "35": {
                    "size": 390,
                    "center": [
                        40.79986931954939,
                        -73.96579435871406
                    ]
                },
                "36": {
                    "size": 101,