{
    "files_processed": 1,
    "execution_time": 150.73480415344238,
    "clustering_results": [
        {
            "clusters": {
                "0": {
                    "size": 995,
                    "center": [
                        40.68741104505906,
                        -73.98962713923603
                    ]
                },
                "1": {
                    "size": 1296,
                    "center": [
                        40.77162251995463,
                        -73.86910095281982
                    ]
                },
                "2": {
                    "size": 1832,
                    "center": [
                        40.770290747170165,
                        -73.95872883617778
                    ]
                },
                "3": {
                    "size": 1134,
                    "center": [
                        40.64479748435877,
                        -73.78374653970116
                    ]
                },
                "4": {
                    "size": 2076,
                    "center": [
                        40.73356820074666,
                        -73.98664657936376
                    ]
                },
                "5": {
                    "size": 565,
                    "center": [
                        40.69677078463174,
                        -73.93079987229032
                    ]
                },
                "6": {
                    "size": 579,
                    "center": [
                        40.836190019024386,
                        -73.93837247807062
                    ]
                },
                "7": {
                    "size": 316,
                    "center": [
                        40.6381966110595,
                        -73.97205954060772
                    ]
                },
                "8": {
                    "size": 875,
                    "center": [
                        40.763308230721066,
                        -73.92126822163785
                    ]
                },
                "9": {
                    "size": 1007,
                    "center": [
                        40.71519504019648,
                        -73.95425733637143
                    ]
                },
                "10": {
                    "size": 600,
                    "center": [
                        40.817633980248054,
                        -73.9498616439058
                    ]
                },
                "11": {
                    "size": 1992,
                    "center": [
                        40.76224662479058,
                        -73.98445324564123
                    ]
                },
                "12": {
                    "size": 127,
                    "center": [
                        40.7369468268447,
                        -73.73585502244043
                    ]
                },
                "13": {
                    "size": 408,
                    "center": [
                        40.70287091467116,
                        -73.81521582915114
                    ]
                },
                "14": {
                    "size": 1710,
                    "center": [
                        40.711749189498285,
                        -74.01002596079186
                    ]
                },
                "15": {
                    "size": 123,
                    "center": [
                        40.87899753808329,
                        -73.88986610578003
                    ]
                },
                "16": {
                    "size": 157,
                    "center": [
                        40.62483139686017,
                        -74.03295120433637
                    ]
                },
                "17": {
                    "size": 170,
                    "center": [
                        40.84396643358119,
                        -73.85241336074529
                    ]
                },
                "18": {
                    "size": 1208,
                    "center": [
                        40.7882736381844,
                        -73.97355907004538
                    ]
                },
                "19": {
                    "size": 610,
                    "center": [
                        40.67740374132242,
                        -73.97647657376774
                    ]
                },
                "20": {
                    "size": 1973,
                    "center": [
                        40.75465665635081,
                        -73.99376830152006
                    ]
                },
                "21": {
                    "size": 2228,
                    "center": [
                        40.76021321354254,
                        -73.9695799153582
                    ]
                },
                "22": {
                    "size": 519,
                    "center": [
                        40.74468354123644,
                        -73.88730949658476
                    ]
                },
                "23": {
                    "size": 1779,
                    "center": [
                        40.779964704602264,
                        -73.95246916683361
                    ]
                },
                "24": {
                    "size": 374,
                    "center": [
                        40.74601330238604,
                        -73.91413786855162
                    ]
                },
                "25": {
                    "size": 1593,
                    "center": [
                        40.722470852453036,
                        -73.9915587022072
                    ]
                },
                "26": {
                    "size": 45,
                    "center": [
                        40.72334227385345,
                        -74.08149713586879
                    ]
                },
                "27": {
                    "size": 1905,
                    "center": [
                        40.74275941439505,
                        -74.0005895309828
                    ]
                },
                "28": {
                    "size": 629,
                    "center": [
                        40.749286790043044,
                        -73.93797092272112
                    ]
                },
                "29": {
                    "size": 444,
                    "center": [
                        40.725719179845285,
                        -73.84497849432913
                    ]
                },
                "30": {
                    "size": 114,
                    "center": [
                        40.60356903912728,
                        -73.95218662351196
                    ]
                },
                "31": {
                    "size": 26,
                    "center": [
                        40.8416209587684,
                        -74.05928186269907
                    ]
                },
                "32": {
                    "size": 1229,
                    "center": [
                        40.775986736548866,
                        -73.98203140015498
                    ]
                },
                "33": {
                    "size": 423,
                    "center": [
                        40.6768134124837,
                        -73.95417928892167
                    ]
                },
                "34": {
                    "size": 1442,
                    "center": [
                        40.728174693901515,
                        -74.00292520060526
                    ]
                },
                "35": {
                    "size": 2351,
                    "center": [
                        40.747580205773204,
                        -73.97949909572444
                    ]
                },
                "36": {
                    "size": 856,