{
    "files_processed": 2,
    "execution_time": 105.14109086990356,
    "clustering_results": [
        {
            "clusters": {
                "0": {
                    "size": 888,
                    "center": [
                        40.771495674927,
                        -73.86888522801101
                    ]
                },
                "1": {
                    "size": 1170,
                    "center": [
                        40.73283183627971,
                        -73.98664238127068
                    ]
                },
                "2": {
                    "size": 723,
                    "center": [
                        40.64579875915855,
                        -73.78493380617017
                    ]
                },
                "3": {
                    "size": 1137,
                    "center": [
                        40.779849092801406,
                        -73.9525327177447
                    ]
                },
                "4": {
                    "size": 187,
                    "center": [
                        40.64300871266504,
                        -73.96756118639126
                    ]
                },
                "5": {
                    "size": 325,
                    "center": [
                        40.695662706539885,
                        -73.92886349243248
                    ]
                },
                "6": {
                    "size": 246,
                    "center": [
                        40.85040895987546,
                        -73.92620990938981
                    ]
                },
                "7": {
                    "size": 1044,
                    "center": [
                        40.7113783015642,
                        -74.01027024944729
                    ]
                },
                "8": {
                    "size": 532,
                    "center": [
                        40.76273250673861,
                        -73.92172091888952
                    ]
                },
                "9": {
                    "size": 1901,
                    "center": [
                        40.75753080955046,
                        -73.97338912049074
                    ]
                },
                "10": {
                    "size": 255,
                    "center": [
                        40.72308978634907,
                        -73.8417549548014
                    ]
                },
                "11": {
                    "size": 272,
                    "center": [
                        40.67774568785397,
                        -73.95532195579956
                    ]
                },
                "12": {
                    "size": 594,
                    "center": [
                        40.68755962235395,
                        -73.98923160157865
                    ]
                },
                "13": {
                    "size": 1077,
                    "center": [
                        40.74329421456403,
                        -74.00169972536268
                    ]
                },
                "14": {
                    "size": 71,
                    "center": [
                        40.699674095906005,
                        -74.10027161002718
                    ]
                },
                "15": {
                    "size": 1152,
                    "center": [
                        40.77217620822919,
                        -73.9829627150038
                    ]
                },
                "16": {
                    "size": 109,
                    "center": [
                        40.87189743263642,
                        -73.88525304415175
                    ]
                },
                "17": {
                    "size": 938,
                    "center": [
                        40.722420211487155,
                        -73.99151131660054
                    ]
                },
                "18": {
                    "size": 471,
                    "center": [
                        40.82812646294416,
                        -73.94481585449931
                    ]
                },
                "19": {
                    "size": 27,
                    "center": [
                        40.735365832293475,
                        -73.7176900793005
                    ]
                },
                "20": {
                    "size": 1255,
                    "center": [
                        40.75885187202276,
                        -73.99122426560984
                    ]
                },
                "21": {
                    "size": 612,
                    "center": [
                        40.71465894803645,
                        -73.95413761221832
                    ]
                },
                "22": {
                    "size": 262,
                    "center": [
                        40.746466489960824,
                        -73.91089303420652
                    ]
                },
                "23": {
                    "size": 636,
                    "center": [
                        40.804866659116335,
                        -73.96166095803312
                    ]
                },
                "24": {
                    "size": 63,
                    "center": [
                        40.67251049021564,
                        -73.86264869649574
                    ]
                },
                "25": {
                    "size": 85,
                    "center": [
                        40.60178369858686,
                        -73.9557249660118
                    ]
                },
                "26": {
                    "size": 241,
                    "center": [
                        40.697189299736635,
                        -73.812998335589
                    ]
                },
                "27": {
                    "size": 1385,
                    "center": [
                        40.76885737264681,
                        -73.95995732680707
                    ]
                },
                "28": {
                    "size": 924,
                    "center": [
                        40.72775784491908,
                        -74.00293515624993
                    ]
                },
                "29": {
                    "size": 107,
                    "center": [
                        40.625598770467555,
                        -74.02144513556732
                    ]
                },
                "30": {
                    "size": 335,
                    "center": [
                        40.67692162459042,
                        -73.97809601210434
                    ]
                },
                "31": {
                    "size": 937,
                    "center": [
                        40.789157589928294,
                        -73.97297573926551
                    ]
                },
                "32": {
                    "size": 77,
                    "center": [
                        40.84029814484832,
                        -73.8452744917436
                    ]
                },
                "33": {
                    "size": 1637,
                    "center": [
                        40.74571526558289,
                        -73.98587752700116
                    ]
                },
                "34": {
                    "size": 346,
                    "center": [
                        40.749302476223036,
                        -73.93716071797003
                    ]
                },
                "35": {
                    "size": 26,
                    "center": [
                        40.6117682823768,
                        -73.7369029705341
                    ]
                },
                "36": {
                    "size": 562,