{
    "files_processed": 3,
    "execution_time": 207.7290074825287,
    "clustering_results": [
        {
            "clusters": {
                "0": {
                    "size": 627,
                    "center": [
                        40.74599962448197,
                        -73.88945818932628
                    ]
                },
                "1": {
                    "size": 2310,
                    "center": [
                        40.76320070695521,
                        -73.97929897221047
                    ]
                },
                "2": {
                    "size": 1359,
                    "center": [
                        40.6877800081436,
                        -73.98938143411895
                    ]
                },
                "3": {
                    "size": 1619,
                    "center": [
                        40.645336267774155,
                        -73.78395602416346
                    ]
                },
                "4": {
                    "size": 1082,
                    "center": [
                        40.82936217309356,
                        -73.9428539950333
                    ]
                },
                "5": {
                    "size": 2644,
                    "center": [
                        40.77969568144508,
                        -73.9526081631446
                    ]
                },
                "6": {
                    "size": 3182,
                    "center": [
                        40.727454824620196,
                        -73.98726985219756
                    ]
                },
                "7": {
                    "size": 655,
                    "center": [
                        40.69501761195838,
                        -73.92936702717348
                    ]
                },
                "8": {
                    "size": 415,
                    "center": [
                        40.641070555204124,
                        -73.96695134516403
                    ]
                },
                "9": {
                    "size": 1993,
                    "center": [
                        40.771543047252216,
                        -73.86883008455194
                    ]
                },
                "10": {
                    "size": 157,
                    "center": [
                        40.72420113354985,
                        -73.76427458096967
                    ]
                },
                "11": {
                    "size": 2822,
                    "center": [
                        40.726036991330176,
                        -74.001134503267
                    ]
                },
                "12": {
                    "size": 2542,
                    "center": [
                        40.7428968476273,
                        -74.0015637322541
                    ]
                },
                "13": {
                    "size": 2113,
                    "center": [
                        40.79064929920779,
                        -73.97187350717857
                    ]
                },
                "14": {
                    "size": 796,
                    "center": [
                        40.74993214027103,
                        -73.93676324878295
                    ]
                },
                "15": {
                    "size": 399,
                    "center": [
                        40.71140222009566,
                        -73.83158234452347
                    ]
                },
                "16": {
                    "size": 122,
                    "center": [
                        40.68315260006431,
                        -74.10035826469381
                    ]
                },
                "17": {
                    "size": 170,
                    "center": [
                        40.881559252271465,
                        -73.87816698036943
                    ]
                },
                "18": {
                    "size": 1339,
                    "center": [
                        40.714437332708115,
                        -73.95397554608742
                    ]
                },
                "19": {
                    "size": 213,
                    "center": [
                        40.84088148197657,
                        -73.85789089471521
                    ]
                },
                "20": {
                    "size": 251,
                    "center": [
                        40.625389166378255,
                        -74.02779203119523
                    ]
                },
                "21": {
                    "size": 3033,
                    "center": [
                        40.74203368486454,
                        -73.98456014243709
                    ]
                },
                "22": {
                    "size": 529,
                    "center": [
                        40.746458085550024,
                        -73.9150602573904
                    ]
                },
                "23": {
                    "size": 1303,
                    "center": [
                        40.806673201502974,
                        -73.95996774741356
                    ]
                },
                "24": {
                    "size": 192,
                    "center": [
                        40.660355564940076,
                        -73.89051791065269
                    ]
                },
                "25": {
                    "size": 3613,
                    "center": [
                        40.755667179076475,
                        -73.99174812276277
                    ]
                },
                "26": {
                    "size": 779,
                    "center": [
                        40.67754355231559,
                        -73.97647956645281
                    ]
                },
                "27": {
                    "size": 38,
                    "center": [
                        40.85795713725843,
                        -74.03908036884509
                    ]
                },
                "28": {
                    "size": 556,
                    "center": [
                        40.853472115246845,
                        -73.92260828238156
                    ]
                },
                "29": {
                    "size": 1241,
                    "center": [
                        40.800476490971924,
                        -73.94187710340965
                    ]
                },
                "30": {
                    "size": 1056,
                    "center": [
                        40.76338079877869,
                        -73.92159380267381
                    ]
                },
                "31": {
                    "size": 2275,
                    "center": [
                        40.7112473711538,
                        -74.01040280551746
                    ]
                },
                "32": {
                    "size": 434,
                    "center": [
                        40.69277171378477,
                        -73.81068797293929
                    ]
                },
                "33": {
                    "size": 165,
                    "center": [
                        40.60048438178169,
                        -73.95623360065498
                    ]
                },
                "34": {
                    "size": 3255,
                    "center": [
                        40.76813260737276,
                        -73.960637363874
                    ]
                },
                "35": {
                    "size": 358,
                    "center": [
                        40.72992746393046,
                        -73.85244670643971
                    ]
                },
                "36": {
                    "size": 541,