{
    "files_processed": 3,
    "execution_time": 149.52764105796814,
    "clustering_results": [
        {
            "clusters": {
                "0": {
                    "size": 2039,
                    "center": [
                        40.724106692164135,
                        -73.99022478284715
                    ]
                },
                "1": {
                    "size": 883,
                    "center": [
                        40.76041219609642,
                        -73.92116103810245
                    ]
                },
                "2": {
                    "size": 46,
                    "center": [
                        40.76242287953694,
                        -73.79116882103077
                    ]
                },
                "3": {
                    "size": 2113,
                    "center": [
                        40.763808212625804,
                        -73.98425580252463
                    ]
                },
                "4": {
                    "size": 1534,
                    "center": [
                        40.78196359386844,
                        -73.97822098192508
                    ]
                },
                "5": {
                    "size": 134,
                    "center": [
                        40.6550959029262,
                        -73.90710878040066
                    ]
                },
                "6": {
                    "size": 641,
                    "center": [
                        40.817899072689585,
                        -73.94948117105318
                    ]
                },
                "7": {
                    "size": 1084,
                    "center": [
                        40.644851114633916,
                        -73.7839178874578
                    ]
                },
                "8": {
                    "size": 200,
                    "center": [
                        40.73559792975929,
                        -73.87088738000212
                    ]
                },
                "9": {
                    "size": 401,
                    "center": [
                        40.677640092132854,
                        -73.95580101184565
                    ]
                },
                "10": {
                    "size": 1715,
                    "center": [
                        40.770383638697396,
                        -73.95876941752715
                    ]
                },
                "11": {
                    "size": 103,
                    "center": [
                        40.837486800406744,
                        -73.85199888284924
                    ]
                },
                "12": {
                    "size": 134,
                    "center": [
                        40.60154672546766,
                        -73.96284180446644
                    ]
                },
                "13": {
                    "size": 1919,
                    "center": [
                        40.71319619132333,
                        -74.00926352497433
                    ]
                },
                "14": {
                    "size": 890,
                    "center": [
                        40.71460809069964,
                        -73.95422692846539
                    ]
                },
                "15": {
                    "size": 276,
                    "center": [
                        40.642496706033995,
                        -73.96660072617168
                    ]
                },
                "16": {
                    "size": 1333,
                    "center": [
                        40.77152380927879,
                        -73.86901020545044
                    ]
                },
                "17": {
                    "size": 96,
                    "center": [
                        40.682978477742935,
                        -74.10137723551856
                    ]
                },
                "18": {
                    "size": 220,
                    "center": [
                        40.862374531773646,
                        -73.91300430202261
                    ]
                },
                "19": {
                    "size": 1862,
                    "center": [
                        40.73687726579095,
                        -74.0032450437848
                    ]
                },
                "20": {
                    "size": 2079,
                    "center": [
                        40.75386386532463,
                        -73.9946139879555
                    ]
                },
                "21": {
                    "size": 78,
                    "center": [
                        40.67665811603905,
                        -73.85681461595064
                    ]
                },
                "22": {
                    "size": 304,
                    "center": [
                        40.72033733802729,
                        -73.8390569364915
                    ]
                },
                "23": {
                    "size": 542,
                    "center": [
                        40.83824189408949,
                        -73.9366979158741
                    ]
                },
                "24": {
                    "size": 878,
                    "center": [
                        40.6878975171543,
                        -73.98896811939616
                    ]
                },
                "25": {
                    "size": 467,
                    "center": [
                        40.695442437016524,
                        -73.9298833364425
                    ]
                },
                "26": {
                    "size": 2149,
                    "center": [
                        40.747754989144866,
                        -73.97936344012572
                    ]
                },
                "27": {
                    "size": 2003,
                    "center": [
                        40.76023895285084,
                        -73.96948408585656
                    ]
                },
                "28": {
                    "size": 539,
                    "center": [
                        40.74916891083376,
                        -73.93577896043927
                    ]
                },
                "29": {
                    "size": 1324,
                    "center": [
                        40.798824377415734,
                        -73.96609509570186
                    ]
                },
                "30": {
                    "size": 347,
                    "center": [
                        40.697405584734994,
                        -73.81166102625437
                    ]
                },
                "31": {
                    "size": 128,
                    "center": [
                        40.721604511141784,
                        -73.74443687001865
                    ]
                },
                "32": {
                    "size": 140,
                    "center": [
                        40.6271302034417,
                        -74.03100063570501
                    ]
                },
                "33": {
                    "size": 788,
                    "center": [
                        40.79997302450753,
                        -73.94163956326206
                    ]
                },
                "34": {
                    "size": 476,
                    "center": [
                        40.746885354239524,
                        -73.89763828483052
                    ]
                },
                "35": {
                    "size": 1948,
                    "center": [
                        40.73712399577383,
                        -73.98925783298743
                    ]
                },
                "36": {
                    "size": 32,