{
    "files_processed": 3,
    "execution_time": 412.37943506240845,
    "clustering_results": [
        {
            "clusters": {
                "0": {
                    "size": 4742,
                    "center": [
                        40.760330748042975,
                        -73.96743129660557
                    ]
                },
                "1": {
                    "size": 3276,
                    "center": [
                        40.64545297982968,
                        -73.7844361285
                    ]
                },
                "2": {
                    "size": 5603,
                    "center": [
                        40.72577912173886,
                        -74.00111639693387
                    ]
                },
                "3": {
                    "size": 3901,
                    "center": [
                        40.771504290185305,
                        -73.86912409151766
                    ]
                },
                "4": {
                    "size": 1038,
                    "center": [
                        40.67845059834092,
                        -73.95468387238975
                    ]
                },
                "5": {
                    "size": 3078,
                    "center": [
                        40.802470239645515,
                        -73.96350564103221
                    ]
                },
                "6": {
                    "size": 189,
                    "center": [
                        40.884778794788176,
                        -73.85526152514907
                    ]
                },
                "7": {
                    "size": 4365,
                    "center": [
                        40.75557414118512,
                        -73.92588506609277
                    ]
                },
                "8": {
                    "size": 3992,
                    "center": [
                        40.78753852808517,
                        -73.97410851315325
                    ]
                },
                "9": {
                    "size": 2535,
                    "center": [
                        40.71491604281061,
                        -73.95416288174636
                    ]
                },
                "10": {
                    "size": 1045,
                    "center": [
                        40.724240206332105,
                        -73.84661361424459
                    ]
                },
                "11": {
                    "size": 476,
                    "center": [
                        40.62827954088043,
                        -74.0152764846492
                    ]
                },
                "12": {
                    "size": 1496,
                    "center": [
                        40.6772789992367,
                        -73.97747996621268
                    ]
                },
                "13": {
                    "size": 387,
                    "center": [
                        40.72129477600308,
                        -73.74191120551848
                    ]
                },
                "14": {
                    "size": 7191,
                    "center": [
                        40.7557025541597,
                        -73.99175995122829
                    ]
                },
                "15": {
                    "size": 1972,
                    "center": [
                        40.822876436141186,
                        -73.94695291086596
                    ]
                },
                "16": {
                    "size": 5507,
                    "center": [
                        40.74259165412202,
                        -73.98314588378669
                    ]
                },
                "17": {
                    "size": 4977,
                    "center": [
                        40.77999489952236,
                        -73.95227729832949
                    ]
                },
                "18": {
                    "size": 4562,
                    "center": [
                        40.71120719849019,
                        -74.01037012568757
                    ]
                },
                "19": {
                    "size": 5823,
                    "center": [
                        40.74240733500768,
                        -74.00060863300926
                    ]
                },
                "20": {
                    "size": 1223,
                    "center": [
                        40.69593320962337,
                        -73.93010263015067
                    ]
                },
                "21": {
                    "size": 351,
                    "center": [
                        40.654946980704736,
                        -73.91018246850074
                    ]
                },
                "22": {
                    "size": 568,
                    "center": [
                        40.866757799653655,
                        -73.90747718990275
                    ]
                },
                "23": {
                    "size": 302,
                    "center": [
                        40.598886663454884,
                        -73.95839327824253
                    ]
                },
                "24": {
                    "size": 1432,
                    "center": [
                        40.74566160360585,
                        -73.8911012256412
                    ]
                },
                "25": {
                    "size": 252,
                    "center": [
                        40.69119535930573,
                        -74.09834080650693
                    ]
                },
                "26": {
                    "size": 827,
                    "center": [
                        40.64271826448808,
                        -73.96520942345907
                    ]
                },
                "27": {
                    "size": 157,
                    "center": [
                        40.76202272117806,
                        -73.79253060835796
                    ]
                },
                "28": {
                    "size": 1177,
                    "center": [
                        40.699712662372086,
                        -73.81433767503752
                    ]
                },
                "29": {
                    "size": 5017,
                    "center": [
                        40.77144355860195,
                        -73.98328407113243
                    ]
                },
                "30": {
                    "size": 1268,
                    "center": [
                        40.84304448820323,
                        -73.93343290788346
                    ]
                },
                "31": {
                    "size": 455,
                    "center": [
                        40.83813464155252,
                        -73.86376681315345
                    ]
                },
                "32": {
                    "size": 90,
                    "center": [
                        40.85790413750543,
                        -74.04784740871854
                    ]
                },
                "33": {
                    "size": 243,
                    "center": [
                        40.67353126777053,
                        -73.86651172925744
                    ]
                },
                "34": {
                    "size": 4934,
                    "center": [
                        40.770405899145196,
                        -73.95872448177342
                    ]
                },
                "35": {
                    "size": 6497,
                    "center": [
                        40.72780132668333,
                        -73.98728536164913
                    ]
                },
                "36": {
                    "size": 125,