{
    "files_processed": 1,
    "execution_time": 203.7857151031494,
    "clustering_results": [
        {
            "clusters": {
                "0": {
                    "size": 18,
                    "center": [
                        40.760478870069996,
                        -73.96682167377988
                    ]
                },
                "1": {
                    "size": 15,
                    "center": [
                        40.64570780825811,
                        -73.78464594312157
                    ]
                },
                "2": {
                    "size": 11,
                    "center": [
                        40.7319657558494,
                        -73.99006229422956
                    ]
                },
                "3": {
                    "size": 17,
                    "center": [
                        40.77175911471065,
                        -73.86895687703918
                    ]
                },
                "4": {
                    "size": 8,
                    "center": [
                        40.638717564443155,
                        -73.97528279910973
                    ]
                },
                "5": {
                    "size": 4,
                    "center": [
                        40.72283583422852,
                        -73.85294741140873
                    ]
                },
                "6": {
                    "size": 21,
                    "center": [
                        40.779648441579695,
                        -73.95201354968349
                    ]
                },
                "7": {
                    "size": 10,
                    "center": [
                        40.84179999188841,
                        -73.93151954503658
                    ]
                },
                "8": {
                    "size": 12,
                    "center": [
                        40.71536991620571,
                        -73.95458808637069
                    ]
                },
                "9": {
                    "size": 22,
                    "center": [
                        40.762083903482,
                        -73.98631695877674
                    ]
                },
                "10": {
                    "size": 13,
                    "center": [
                        40.68697439682231,
                        -73.98855057690808
                    ]
                },
                "11": {
                    "size": 13,
                    "center": [
                        40.80345369080352,
                        -73.96299836415491
                    ]
                },
                "12": {
                    "size": 14,
                    "center": [
                        40.70874215605813,
                        -74.01090302597181
                    ]
                },
                "13": {
                    "size": 14,
                    "center": [
                        40.759819577050465,
                        -73.91877311889642
                    ]
                },
                "14": {
                    "size": 3,
                    "center": [
                        40.706963619261025,
                        -73.81361708794434
                    ]
                },
                "15": {
                    "size": 12,
                    "center": [
                        40.750106502776156,
                        -73.99207991223419
                    ]
                },
                "16": {
                    "size": 7,
                    "center": [
                        40.82066801741242,
                        -73.94914727166591
                    ]
                },
                "17": {
                    "size": 7,
                    "center": [
                        40.744803471148046,
                        -73.88949568541518
                    ]
                },
                "18": {
                    "size": 10,
                    "center": [
                        40.748712883052505,
                        -73.93742749500032
                    ]
                },
                "19": {
                    "size": 5,
                    "center": [
                        40.68359665195062,
                        -73.94226023804652
                    ]
                },
                "20": {
                    "size": 15,
                    "center": [
                        40.776164510508856,
                        -73.98188256983539
                    ]
                },
                "21": {
                    "size": 12,
                    "center": [
                        40.799333866497356,
                        -73.94173082027187
                    ]
                },
                "22": {
                    "size": 13,
                    "center": [
                        40.743683050969814,
                        -74.00404654732986
                    ]
                },
                "23": {
                    "size": 1,
                    "center": [
                        40.6227041391226,
                        -74.03522432767429
                    ]
                },
                "24": {
                    "size": 13,
                    "center": [
                        40.7190646798581,
                        -74.00679356838023
                    ]
                },
                "25": {
                    "size": 14,
                    "center": [
                        40.75262831524235,
                        -73.97591417539596
                    ]
                },
                "26": {
                    "size": 14,
                    "center": [
                        40.773424561568426,
                        -73.96158865463472
                    ]
                },
                "27": {
                    "size": 8,
                    "center": [
                        40.67501215427994,
                        -73.9712641122757
                    ]
                },
                "28": {
                    "size": 12,
                    "center": [
                        40.73152014628538,
                        -74.00295980550176
                    ]
                },
                "29": {
                    "size": 2,
                    "center": [
                        40.86278569865363,
                        -73.90681922132634
                    ]
                },
                "30": {
                    "size": 12,
                    "center": [
                        40.75979088289512,
                        -73.99646229252396
                    ]
                },
                "31": {
                    "size": 21,
                    "center": [
                        40.72211100902278,
                        -73.9916144034933
                    ]
                },
                "32": {
                    "size": 15,
                    "center": [
                        40.762375215920066,
                        -73.97652180910178
                    ]
                },
                "33": {
                    "size": 19,
                    "center": [
                        40.74449781542096,
                        -73.98147479885796
                    ]
                },
                "34": {
                    "size": 7,
                    "center": [
                        40.71063967599538,
                        -73.82791843072525
                    ]
                },
                "35": {
                    "size": 10,
                    "center": [
                        40.730008014721264,
                        -73.98252903602237
                    ]
                },
                "36": {
                    "size": 19,