{
    "files_processed": 3,
    "execution_time": 1190.392729997635,
    "clustering_results": [
        {
            "clusters": {
                "0": {
                    "size": 12,
                    "center": [
                        40.79849724876656,
                        -73.94203618641582
                    ]
                },
                "1": {
                    "size": 12,
                    "center": [
                        40.714877394833515,
                        -73.9543574317113
                    ]
                },
                "2": {
                    "size": 17,
                    "center": [
                        40.645674645758305,
                        -73.78490962449578
                    ]
                },
                "3": {
                    "size": 12,
                    "center": [
                        40.759756144214954,
                        -73.995874455399
                    ]
                },
                "4": {
                    "size": 14,
                    "center": [
                        40.759664760431086,
                        -73.92243069779364
                    ]
                },
                "5": {
                    "size": 7,
                    "center": [
                        40.72302377881075,
                        -73.99700032463137
                    ]
                },
                "6": {
                    "size": 12,
                    "center": [
                        40.70946770443088,
                        -73.82233150352893
                    ]
                },
                "7": {
                    "size": 9,
                    "center": [
                        40.639152341380594,
                        -73.97538975893058
                    ]
                },
                "8": {
                    "size": 14,
                    "center": [
                        40.76270051237572,
                        -73.97835812557733
                    ]
                },
                "9": {
                    "size": 12,
                    "center": [
                        40.77281191603281,
                        -73.87144812500965
                    ]
                },
                "10": {
                    "size": 7,
                    "center": [
                        40.84294092801319,
                        -73.9333377650122
                    ]
                },
                "11": {
                    "size": 13,
                    "center": [
                        40.68730706099663,
                        -73.98901196167373
                    ]
                },
                "12": {
                    "size": 9,
                    "center": [
                        40.80438419611235,
                        -73.96240986826554
                    ]
                },
                "13": {
                    "size": 20,
                    "center": [
                        40.779628536896396,
                        -73.95216523642509
                    ]
                },
                "14": {
                    "size": 20,
                    "center": [
                        40.73756389776139,
                        -73.99201187702775
                    ]
                },
                "15": {
                    "size": 10,
                    "center": [
                        40.74524231161032,
                        -73.88976435020392
                    ]
                },
                "16": {
                    "size": 19,
                    "center": [
                        40.7814233222599,
                        -73.97865297245474
                    ]
                },
                "17": {
                    "size": 4,
                    "center": [
                        40.66390541517772,
                        -73.95601776095502
                    ]
                },
                "18": {
                    "size": 1,
                    "center": [
                        40.8503675089254,
                        -73.88955252511161
                    ]
                },
                "19": {
                    "size": 12,
                    "center": [
                        40.71853324018639,
                        -74.00722969910633
                    ]
                },
                "20": {
                    "size": 10,
                    "center": [
                        40.69005903811513,
                        -73.93211822874248
                    ]
                },
                "21": {
                    "size": 22,
                    "center": [
                        40.743634952821544,
                        -73.98161445347772
                    ]
                },
                "22": {
                    "size": 15,
                    "center": [
                        40.74402716683708,
                        -74.00372667824028
                    ]
                },
                "23": {
                    "size": 6,
                    "center": [
                        40.68033105866184,
                        -73.97400914594185
                    ]
                },
                "24": {
                    "size": 11,
                    "center": [
                        40.76847528364627,
                        -73.95550420491185
                    ]
                },
                "25": {
                    "size": 12,
                    "center": [
                        40.76894233811754,
                        -73.98510978503829
                    ]
                },
                "26": {
                    "size": 6,
                    "center": [
                        40.74858697521344,
                        -73.93539107751117
                    ]
                },
                "27": {
                    "size": 11,
                    "center": [
                        40.82135775124451,
                        -73.9479750101014
                    ]
                },
                "28": {
                    "size": 23,
                    "center": [
                        40.76089987504905,
                        -73.9670874766843
                    ]
                },
                "29": {
                    "size": 17,
                    "center": [
                        40.753107613277955,
                        -73.97563933902893
                    ]
                },
                "30": {
                    "size": 12,
                    "center": [
                        40.729701755403546,
                        -73.983339450147
                    ]
                },
                "31": {
                    "size": 12,
                    "center": [
                        40.79377956939989,
                        -73.96958122989774
                    ]
                },
                "32": {
                    "size": 6,
                    "center": [
                        40.85720448093083,
                        -73.90354582070887
                    ]
                },
                "33": {
                    "size": 13,
                    "center": [
                        40.72213292862547,
                        -73.98998125976117
                    ]
                },
                "34": {
                    "size": 12,
                    "center": [
                        40.73132520227748,
                        -74.0028920924684
                    ]
                },
                "35": {
                    "size": 12,
                    "center": [
                        40.77363706034735,
                        -73.96102490549507
                    ]
                },
                "36": {
                    "size": 13,