{
    "files_processed": 2,
    "execution_time": 275.897745847702,
    "clustering_results": [
        {
            "clusters": {
                "0": {
                    "size": 830,
                    "center": [
                        40.84862634630886,
                        -73.92733836103572
                    ]
                },
                "1": {
                    "size": 3503,
                    "center": [
                        40.758960667906315,
                        -73.99096972322302
                    ]
                },
                "2": {
                    "size": 2186,
                    "center": [
                        40.64512535603977,
                        -73.78412535450643
                    ]
                },
                "3": {
                    "size": 951,
                    "center": [
                        40.74545715473536,
                        -73.89067665907497
                    ]
                },
                "4": {
                    "size": 3082,
                    "center": [
                        40.71133687028644,
                        -74.01025880570654
                    ]
                },
                "5": {
                    "size": 1747,
                    "center": [
                        40.714754172030524,
                        -73.95425525788721
                    ]
                },
                "6": {
                    "size": 6340,
                    "center": [
                        40.7755225095949,
                        -73.95521225342372
                    ]
                },
                "7": {
                    "size": 204,
                    "center": [
                        40.602932643125406,
                        -73.97480518583754
                    ]
                },
                "8": {
                    "size": 562,
                    "center": [
                        40.71287413532383,
                        -73.82896225697007
                    ]
                },
                "9": {
                    "size": 2571,
                    "center": [
                        40.7715410654899,
                        -73.86915676806012
                    ]
                },
                "10": {
                    "size": 4563,
                    "center": [
                        40.72808427756413,
                        -73.98698564793226
                    ]
                },
                "11": {
                    "size": 1454,
                    "center": [
                        40.82515802630359,
                        -73.94577772765217
                    ]
                },
                "12": {
                    "size": 551,
                    "center": [
                        40.64341931164643,
                        -73.96727995752305
                    ]
                },
                "13": {
                    "size": 2057,
                    "center": [
                        40.75856399144475,
                        -73.92003380867841
                    ]
                },
                "14": {
                    "size": 4647,
                    "center": [
                        40.76093164170311,
                        -73.9692411021533
                    ]
                },
                "15": {
                    "size": 258,
                    "center": [
                        40.72517185802607,
                        -73.73955533917251
                    ]
                },
                "16": {
                    "size": 1028,
                    "center": [
                        40.67791765631459,
                        -73.97630441044561
                    ]
                },
                "17": {
                    "size": 2686,
                    "center": [
                        40.78653839356016,
                        -73.97487321411538
                    ]
                },
                "18": {
                    "size": 295,
                    "center": [
                        40.62900903213644,
                        -74.02421534532182
                    ]
                },
                "19": {
                    "size": 330,
                    "center": [
                        40.842277061591766,
                        -73.85849733638902
                    ]
                },
                "20": {
                    "size": 1731,
                    "center": [
                        40.80037193890247,
                        -73.94220558689906
                    ]
                },
                "21": {
                    "size": 2674,
                    "center": [
                        40.743487340092464,
                        -74.00326541538709
                    ]
                },
                "22": {
                    "size": 4092,
                    "center": [
                        40.74789647204955,
                        -73.97860799068098
                    ]
                },
                "23": {
                    "size": 267,
                    "center": [
                        40.66574757315588,
                        -73.88552755005796
                    ]
                },
                "24": {
                    "size": 3582,
                    "center": [
                        40.76998093966903,
                        -73.98295813543764
                    ]
                },
                "25": {
                    "size": 910,
                    "center": [
                        40.69592308629149,
                        -73.9299576126238
                    ]
                },
                "26": {
                    "size": 121,
                    "center": [
                        40.67901233011041,
                        -74.10267522512389
                    ]
                },
                "27": {
                    "size": 1120,
                    "center": [
                        40.74930583855015,
                        -73.93717788472092
                    ]
                },
                "28": {
                    "size": 3863,
                    "center": [
                        40.7261327059115,
                        -74.00099617302354
                    ]
                },
                "29": {
                    "size": 59,
                    "center": [
                        40.76626675277107,
                        -74.07367242931647
                    ]
                },
                "30": {
                    "size": 2217,
                    "center": [
                        40.80183564367406,
                        -73.96393098334767
                    ]
                },
                "31": {
                    "size": 716,
                    "center": [
                        40.677102953168585,
                        -73.95279629722289
                    ]
                },
                "32": {
                    "size": 108,
                    "center": [
                        40.76192905011421,
                        -73.79951399024411
                    ]
                },
                "33": {
                    "size": 528,
                    "center": [
                        40.727505164402835,
                        -73.85444911110673
                    ]
                },
                "34": {
                    "size": 36,
                    "center": [
                        40.87631977929009,
                        -74.04422314961751
                    ]
                },
                "35": {
                    "size": 288,
                    "center": [
                        40.87860266452745,
                        -73.88898853956077
                    ]
                },
                "36": {
                    "size": 530,