{
    "files_processed": 2,
    "execution_time": 589.116619348526,
    "clustering_results": [
        {
            "clusters": {
                "0": {
                    "size": 12,
                    "center": [
                        40.687220506873956,
                        -73.98798056789374
                    ]
                },
                "1": {
                    "size": 24,
                    "center": [
                        40.77958587124912,
                        -73.95228655746409
                    ]
                },
                "2": {
                    "size": 10,
                    "center": [
                        40.71094251212851,
                        -73.82627533093945
                    ]
                },
                "3": {
                    "size": 16,
                    "center": [
                        40.76000312113487,
                        -73.98725025255409
                    ]
                },
                "4": {
                    "size": 14,
                    "center": [
                        40.771968194793075,
                        -73.86899747120663
                    ]
                },
                "5": {
                    "size": 15,
                    "center": [
                        40.645684300447186,
                        -73.78470595333854
                    ]
                },
                "6": {
                    "size": 14,
                    "center": [
                        40.73132493227329,
                        -74.00247505037183
                    ]
                },
                "7": {
                    "size": 6,
                    "center": [
                        40.845529706633165,
                        -73.92953715566777
                    ]
                },
                "8": {
                    "size": 6,
                    "center": [
                        40.68870112473257,
                        -73.93931038987886
                    ]
                },
                "9": {
                    "size": 18,
                    "center": [
                        40.75679754554247,
                        -73.92609505999502
                    ]
                },
                "10": {
                    "size": 12,
                    "center": [
                        40.71535265373324,
                        -73.95460897155185
                    ]
                },
                "11": {
                    "size": 24,
                    "center": [
                        40.760045951775886,
                        -73.96774032334224
                    ]
                },
                "12": {
                    "size": 6,
                    "center": [
                        40.814615467246114,
                        -73.95027652159352
                    ]
                },
                "13": {
                    "size": 12,
                    "center": [
                        40.746280015071015,
                        -73.89071689215484
                    ]
                },
                "14": {
                    "size": 9,
                    "center": [
                        40.63896629934993,
                        -73.97617140590643
                    ]
                },
                "15": {
                    "size": 1,
                    "center": [
                        40.696618270874026,
                        -74.09875183105468
                    ]
                },
                "16": {
                    "size": 12,
                    "center": [
                        40.70742712279556,
                        -74.01057262522905
                    ]
                },
                "17": {
                    "size": 17,
                    "center": [
                        40.789323021940135,
                        -73.97275117344724
                    ]
                },
                "18": {
                    "size": 12,
                    "center": [
                        40.722090078507016,
                        -73.98876330859703
                    ]
                },
                "19": {
                    "size": 18,
                    "center": [
                        40.744018375989086,
                        -74.00366409271015
                    ]
                },
                "20": {
                    "size": 17,
                    "center": [
                        40.743333634686024,
                        -73.98139704799247
                    ]
                },
                "21": {
                    "size": 11,
                    "center": [
                        40.76734841622238,
                        -73.95601549622742
                    ]
                },
                "22": {
                    "size": 17,
                    "center": [
                        40.77630574036853,
                        -73.98178013429627
                    ]
                },
                "23": {
                    "size": 2,
                    "center": [
                        40.722400674142534,
                        -73.8555255694123
                    ]
                },
                "24": {
                    "size": 12,
                    "center": [
                        40.74102318077862,
                        -73.99303991512004
                    ]
                },
                "25": {
                    "size": 8,
                    "center": [
                        40.674188151767936,
                        -73.9675082621525
                    ]
                },
                "26": {
                    "size": 12,
                    "center": [
                        40.80227153677902,
                        -73.96392017717955
                    ]
                },
                "27": {
                    "size": 11,
                    "center": [
                        40.79901406372691,
                        -73.94185378343865
                    ]
                },
                "28": {
                    "size": 4,
                    "center": [
                        40.85440271407932,
                        -73.90626635570467
                    ]
                },
                "29": {
                    "size": 14,
                    "center": [
                        40.7524980962042,
                        -73.9769741321026
                    ]
                },
                "30": {
                    "size": 2,
                    "center": [
                        40.69823272204158,
                        -73.80343589782714
                    ]
                },
                "31": {
                    "size": 12,
                    "center": [
                        40.75982958725735,
                        -73.99586729790039
                    ]
                },
                "32": {
                    "size": 6,
                    "center": [
                        40.83011583062493,
                        -73.94295015686237
                    ]
                },
                "33": {
                    "size": 12,
                    "center": [
                        40.77347205715109,
                        -73.96110948549962
                    ]
                },
                "34": {
                    "size": 9,
                    "center": [
                        40.72239189834747,
                        -73.99724641693987
                    ]
                },
                "35": {
                    "size": 18,
                    "center": [
                        40.763828561734215,
                        -73.97944611576796
                    ]
                },
                "36": {
                    "size": 14,