{
    "files_processed": 1,
    "execution_time": 86.28186678886414,
    "clustering_results": [
        {
            "clusters": {
                "0": {
                    "size": 57,
                    "center": [
                        40.629248039067136,
                        -74.02261836626376
                    ]
                },
                "1": {
                    "size": 946,
                    "center": [
                        40.77017398575578,
                        -73.95892000774941
                    ]
                },
                "2": {
                    "size": 552,
                    "center": [
                        40.64601313615193,
                        -73.78487830669924
                    ]
                },
                "3": {
                    "size": 1024,
                    "center": [
                        40.71338225612281,
                        -74.00985330922366
                    ]
                },
                "4": {
                    "size": 674,
                    "center": [
                        40.77157382038459,
                        -73.86936809694866
                    ]
                },
                "5": {
                    "size": 1271,
                    "center": [
                        40.7469834384275,
                        -73.97969311878916
                    ]
                },
                "6": {
                    "size": 404,
                    "center": [
                        40.826448714868356,
                        -73.94451402187461
                    ]
                },
                "7": {
                    "size": 269,
                    "center": [
                        40.696327183089,
                        -73.92980174763565
                    ]
                },
                "8": {
                    "size": 200,
                    "center": [
                        40.70182970809935,
                        -73.81585782814028
                    ]
                },
                "9": {
                    "size": 1009,
                    "center": [
                        40.73652251053237,
                        -74.00350158450874
                    ]
                },
                "10": {
                    "size": 67,
                    "center": [
                        40.88419833586584,
                        -73.87576610887822
                    ]
                },
                "11": {
                    "size": 727,
                    "center": [
                        40.78725704263583,
                        -73.97434470660599
                    ]
                },
                "12": {
                    "size": 438,
                    "center": [
                        40.76363517749592,
                        -73.92128700881885
                    ]
                },
                "13": {
                    "size": 502,
                    "center": [
                        40.715150995668324,
                        -73.95392055813019
                    ]
                },
                "14": {
                    "size": 42,
                    "center": [
                        40.734435036068874,
                        -73.72458757672992
                    ]
                },
                "15": {
                    "size": 127,
                    "center": [
                        40.644730090558596,
                        -73.96366087395376
                    ]
                },
                "16": {
                    "size": 305,
                    "center": [
                        40.676659030427004,
                        -73.97607596590628
                    ]
                },
                "17": {
                    "size": 925,
                    "center": [
                        40.77065470586863,
                        -73.9829976951577
                    ]
                },
                "18": {
                    "size": 208,
                    "center": [
                        40.723050130417946,
                        -73.84742805337729
                    ]
                },
                "19": {
                    "size": 200,
                    "center": [
                        40.745998527923895,
                        -73.91518770456744
                    ]
                },
                "20": {
                    "size": 1628,
                    "center": [
                        40.72691058011121,
                        -73.98929290268623
                    ]
                },
                "21": {
                    "size": 1142,
                    "center": [
                        40.74614473983253,
                        -73.99394032517633
                    ]
                },
                "22": {
                    "size": 912,
                    "center": [
                        40.7799134010613,
                        -73.95243359339177
                    ]
                },
                "23": {
                    "size": 231,
                    "center": [
                        40.85214103441063,
                        -73.92482434672844
                    ]
                },
                "24": {
                    "size": 41,
                    "center": [
                        40.659164320162645,
                        -73.88378453448536
                    ]
                },
                "25": {
                    "size": 15,
                    "center": [
                        40.62920303344727,
                        -74.10428212483724
                    ]
                },
                "26": {
                    "size": 459,
                    "center": [
                        40.800802902816926,
                        -73.94239774986255
                    ]
                },
                "27": {
                    "size": 297,
                    "center": [
                        40.7493498778646,
                        -73.93794728234647
                    ]
                },
                "28": {
                    "size": 43,
                    "center": [
                        40.59764105035353,
                        -73.94406822855159
                    ]
                },
                "29": {
                    "size": 509,
                    "center": [
                        40.687518376586134,
                        -73.98970111315731
                    ]
                },
                "30": {
                    "size": 1182,
                    "center": [
                        40.76023651262271,
                        -73.97025788835232
                    ]
                },
                "31": {
                    "size": 944,
                    "center": [
                        40.759328571597194,
                        -73.99084825817201
                    ]
                },
                "32": {
                    "size": 194,
                    "center": [
                        40.67891016592729,
                        -73.95550553025517
                    ]
                },
                "33": {
                    "size": 76,
                    "center": [
                        40.83974148097792,
                        -73.86289532142773
                    ]
                },
                "34": {
                    "size": 59,
                    "center": [
                        40.61748298601915,
                        -73.98673278894802
                    ]
                },
                "35": {
                    "size": 31,
                    "center": [
                        40.75561651619531,
                        -73.81319048071421
                    ]
                },
                "36": {
                    "size": 562,