{
    "files_processed": 3,
    "execution_time": 2524.9442722797394,
    "clustering_results": [
        {
            "files": [
                "yellow_tripdata_2015-01.csv",
                "yellow_tripdata_2016-01.csv",
                "yellow_tripdata_2016-02.csv"
            ],
            "clusters": {
                "0": {
                    "size": 5323,
                    "center": [
                        40.80922050291395,
                        -73.95769172230081
                    ]
                },
                "1": {
                    "size": 11865,
                    "center": [
                        40.72583672161989,
                        -74.00112016026667
                    ]
                },
                "2": {
                    "size": 6588,
                    "center": [
                        40.64558162537518,
                        -73.78451850357524
                    ]
                },
                "3": {
                    "size": 1954,
                    "center": [
                        40.746245514515955,
                        -73.91440859213844
                    ]
                },
                "4": {
                    "size": 13296,
                    "center": [
                        40.760803965675336,
                        -73.96874458429899
                    ]
                },
                "5": {
                    "size": 2358,
                    "center": [
                        40.67383037835133,
                        -73.95484864427235
                    ]
                },
                "6": {
                    "size": 449,
                    "center": [
                        40.883580490487226,
                        -73.85578391324746
                    ]
                },
                "7": {
                    "size": 403,
                    "center": [
                        40.61855258799664,
                        -74.08064191548463
                    ]
                },
                "8": {
                    "size": 7928,
                    "center": [
                        40.77143728797563,
                        -73.86915239832463
                    ]
                },
                "9": {
                    "size": 10336,
                    "center": [
                        40.7381787712559,
                        -73.99094615440599
                    ]
                },
                "10": {
                    "size": 1532,
                    "center": [
                        40.72695568798991,
                        -73.8516146114223
                    ]
                },
                "11": {
                    "size": 4675,
                    "center": [
                        40.834831123969686,
                        -73.93955573391342
                    ]
                },
                "12": {
                    "size": 5696,
                    "center": [
                        40.68768693049994,
                        -73.98865491297057
                    ]
                },
                "13": {
                    "size": 938,
                    "center": [
                        40.628521810407165,
                        -74.01081745858409
                    ]
                },
                "14": {
                    "size": 679,
                    "center": [
                        40.72304785150793,
                        -73.76000227295121
                    ]
                },
                "15": {
                    "size": 19308,
                    "center": [
                        40.77548974292275,
                        -73.95517461404206
                    ]
                },
                "16": {
                    "size": 5053,
                    "center": [
                        40.71426967294552,
                        -73.95405664680119
                    ]
                },
                "17": {
                    "size": 9199,
                    "center": [
                        40.71109136560645,
                        -74.0104147261074
                    ]
                },
                "18": {
                    "size": 14553,
                    "center": [
                        40.75556163836509,
                        -73.99170110557866
                    ]
                },
                "19": {
                    "size": 224,
                    "center": [
                        40.857716310591925,
                        -74.05401003360748
                    ]
                },
                "20": {
                    "size": 6325,
                    "center": [
                        40.794379475466705,
                        -73.96923703892953
                    ]
                },
                "21": {
                    "size": 671,
                    "center": [
                        40.68638225286325,
                        -74.10190573880406
                    ]
                },
                "22": {
                    "size": 749,
                    "center": [
                        40.66122440978064,
                        -73.89470132295041
                    ]
                },
                "23": {
                    "size": 10420,
                    "center": [
                        40.72628815862811,
                        -73.98610582951417
                    ]
                },
                "24": {
                    "size": 3083,
                    "center": [
                        40.74957762704412,
                        -73.9372461737301
                    ]
                },
                "25": {
                    "size": 1696,
                    "center": [
                        40.85874426876134,
                        -73.91175152317184
                    ]
                },
                "26": {
                    "size": 4465,
                    "center": [
                        40.76210826255951,
                        -73.92220483770119
                    ]
                },
                "27": {
                    "size": 2242,
                    "center": [
                        40.74569342376519,
                        -73.88882380871604
                    ]
                },
                "28": {
                    "size": 5174,
                    "center": [
                        40.800115893405405,
                        -73.94196937314754
                    ]
                },
                "29": {
                    "size": 8343,
                    "center": [
                        40.78125781891562,
                        -73.97877720736349
                    ]
                },
                "30": {
                    "size": 9851,
                    "center": [
                        40.76596763351297,
                        -73.98309210173387
                    ]
                },
                "31": {
                    "size": 1954,
                    "center": [
                        40.62626943027306,
                        -73.96139558832162
                    ]
                },
                "32": {
                    "size": 801,
                    "center": [
                        40.84224136006584,
                        -73.85852613091828
                    ]
                },
                "33": {
                    "size": 390,
                    "center": [
                        40.75103088362604,
                        -73.72161830347828
                    ]
                },
                "34": {
                    "size": 1911,
                    "center": [
                        40.71175972568459,
                        -73.82812803093034
                    ]
                },
                "35": {
                    "size": 2961,