{
    "files_processed": 3,
    "execution_time": 770.7977385520935,
    "clustering_results": [
        {
            "files": [
                "yellow_tripdata_2015-01.csv",
                "yellow_tripdata_2016-01.csv",
                "yellow_tripdata_2016-02.csv"
            ],
            "clusters": {
                "0": {
                    "size": 14084,
                    "center": [
                        40.74762951335627,
                        -73.97940804442514
                    ]
                },
                "1": {
                    "size": 6998,
                    "center": [
                        40.64566874017155,
                        -73.78459746773432
                    ]
                },
                "2": {
                    "size": 10685,
                    "center": [
                        40.77991009224361,
                        -73.95229848090855
                    ]
                },
                "3": {
                    "size": 8358,
                    "center": [
                        40.77141685416198,
                        -73.86907758407993
                    ]
                },
                "4": {
                    "size": 2578,
                    "center": [
                        40.69474054110409,
                        -73.93037885569711
                    ]
                },
                "5": {
                    "size": 2279,
                    "center": [
                        40.677084515816105,
                        -73.95464982609023
                    ]
                },
                "6": {
                    "size": 9977,
                    "center": [
                        40.71137927174025,
                        -74.0102336413474
                    ]
                },
                "7": {
                    "size": 1360,
                    "center": [
                        40.86320777446313,
                        -73.90167302555632
                    ]
                },
                "8": {
                    "size": 3291,
                    "center": [
                        40.749440947767305,
                        -73.93724894306305
                    ]
                },
                "9": {
                    "size": 7920,
                    "center": [
                        40.74402120430229,
                        -74.00348075296142
                    ]
                },
                "10": {
                    "size": 697,
                    "center": [
                        40.68709359016216,
                        -74.10142420034896
                    ]
                },
                "11": {
                    "size": 2381,
                    "center": [
                        40.7225232601552,
                        -73.8438370354498
                    ]
                },
                "12": {
                    "size": 3525,
                    "center": [
                        40.8424258559668,
                        -73.93403793032098
                    ]
                },
                "13": {
                    "size": 1064,
                    "center": [
                        40.73291472699364,
                        -73.74433297368303
                    ]
                },
                "14": {
                    "size": 9809,
                    "center": [
                        40.78275396592836,
                        -73.9776786922552
                    ]
                },
                "15": {
                    "size": 1809,
                    "center": [
                        40.642390145331525,
                        -73.96445754869207
                    ]
                },
                "16": {
                    "size": 8886,
                    "center": [
                        40.72261039995173,
                        -73.99189568319639
                    ]
                },
                "17": {
                    "size": 5871,
                    "center": [
                        40.68785201456686,
                        -73.98879209063178
                    ]
                },
                "18": {
                    "size": 4312,
                    "center": [
                        40.820540374942745,
                        -73.94804968656727
                    ]
                },
                "19": {
                    "size": 424,
                    "center": [
                        40.61796130759161,
                        -74.08167246512649
                    ]
                },
                "20": {
                    "size": 5190,
                    "center": [
                        40.800004144993736,
                        -73.94200273312761
                    ]
                },
                "21": {
                    "size": 760,
                    "center": [
                        40.6032941519517,
                        -73.95643592819707
                    ]
                },
                "22": {
                    "size": 5259,
                    "center": [
                        40.714287390882255,
                        -73.95409297378761
                    ]
                },
                "23": {
                    "size": 1073,
                    "center": [
                        40.85631506635984,
                        -73.85328534621134
                    ]
                },
                "24": {
                    "size": 13284,
                    "center": [
                        40.76022473266092,
                        -73.96961661950321
                    ]
                },
                "25": {
                    "size": 15306,
                    "center": [
                        40.755604260661485,
                        -73.9916379910788
                    ]
                },
                "26": {
                    "size": 2727,
                    "center": [
                        40.69999522037767,
                        -73.81439131534422
                    ]
                },
                "27": {
                    "size": 166,
                    "center": [
                        40.87504221828109,
                        -74.03436609827371
                    ]
                },
                "28": {
                    "size": 840,
                    "center": [
                        40.66234925278202,
                        -73.8957872558345
                    ]
                },
                "29": {
                    "size": 2732,
                    "center": [
                        40.74470089600041,
                        -73.88943003312913
                    ]
                },
                "30": {
                    "size": 6479,
                    "center": [
                        40.75790864645517,
                        -73.92037073978652
                    ]
                },
                "31": {
                    "size": 8774,
                    "center": [
                        40.727844745811105,
                        -74.00314569242882
                    ]
                },
                "32": {
                    "size": 8564,
                    "center": [
                        40.79961722534268,
                        -73.96553944105443
                    ]
                },
                "33": {
                    "size": 6369,
                    "center": [
                        40.73047154836613,
                        -73.98333945442363
                    ]
                },
                "34": {
                    "size": 10269,
                    "center": [
                        40.76660741934177,
                        -73.98334679422545
                    ]
                },
                "35": {
                    "size": 3035,