{
    "files_processed": 1,
    "execution_time": 216.57834243774414,
    "clustering_results": [
        {
            "files": [
                "yellow_tripdata_2015-01.csv"
            ],
            "clusters": {
                "0": {
                    "size": 49075,
                    "center": [
                        40.64597481416655,
                        -73.78503862313991
                    ]
                },
                "1": {
                    "size": 94342,
                    "center": [
                        40.75508024071032,
                        -73.99286515212927
                    ]
                },
                "2": {
                    "size": 10593,
                    "center": [
                        40.76995896619971,
                        -73.91055190811018
                    ]
                },
                "3": {
                    "size": 83355,
                    "center": [
                        40.76050402790068,
                        -73.96866727554756
                    ]
                },
                "4": {
                    "size": 3702,
                    "center": [
                        40.68184098178967,
                        -73.91233242092616
                    ]
                },
                "5": {
                    "size": 50497,
                    "center": [
                        40.731465554210736,
                        -74.00258110020751
                    ]
                },
                "6": {
                    "size": 24048,
                    "center": [
                        40.81874161214239,
                        -73.95076860427119
                    ]
                },
                "7": {
                    "size": 55680,
                    "center": [
                        40.77165614309221,
                        -73.86965169542624
                    ]
                },
                "8": {
                    "size": 33336,
                    "center": [
                        40.68985077661833,
                        -73.99153702096964
                    ]
                },
                "9": {
                    "size": 55571,
                    "center": [
                        40.78889602225594,
                        -73.97293986475556
                    ]
                },
                "10": {
                    "size": 3379,
                    "center": [
                        40.86609054046869,
                        -73.91423409853248
                    ]
                },
                "11": {
                    "size": 53463,
                    "center": [
                        40.782749545617676,
                        -73.95371087391526
                    ]
                },
                "12": {
                    "size": 31792,
                    "center": [
                        40.747185078126016,
                        -73.9344208949422
                    ]
                },
                "13": {
                    "size": 5249,
                    "center": [
                        40.6983859999154,
                        -73.81597790530638
                    ]
                },
                "14": {
                    "size": 38670,
                    "center": [
                        40.719379083377156,
                        -74.00612022063032
                    ]
                },
                "15": {
                    "size": 54097,
                    "center": [
                        40.729745880354635,
                        -73.9840640000664
                    ]
                },
                "16": {
                    "size": 15192,
                    "center": [
                        40.68288009981953,
                        -73.95798687716423
                    ]
                },
                "17": {
                    "size": 56327,
                    "center": [
                        40.74430561118375,
                        -74.00389574228109
                    ]
                },
                "18": {
                    "size": 11224,
                    "center": [
                        40.702332200610925,
                        -73.9335126999977
                    ]
                },
                "19": {
                    "size": 53842,
                    "center": [
                        40.77705845235186,
                        -73.9818007190825
                    ]
                },
                "20": {
                    "size": 32408,
                    "center": [
                        40.801072264802556,
                        -73.93993737438188
                    ]
                },
                "21": {
                    "size": 16579,
                    "center": [
                        40.74606433542215,
                        -73.89434535024655
                    ]
                },
                "22": {
                    "size": 22938,
                    "center": [
                        40.677738435459915,
                        -73.98041887579033
                    ]
                },
                "23": {
                    "size": 12729,
                    "center": [
                        40.83963480562383,
                        -73.93724570884588
                    ]
                },
                "24": {
                    "size": 21313,
                    "center": [
                        40.76336309737628,
                        -73.92487719200157
                    ]
                },
                "25": {
                    "size": 5663,
                    "center": [
                        40.64040524950161,
                        -73.96259191078467
                    ]
                },
                "26": {
                    "size": 2158,
                    "center": [
                        40.633230939410815,
                        -74.01542748600603
                    ]
                },
                "27": {
                    "size": 61853,
                    "center": [
                        40.752587414693295,
                        -73.97639968638265
                    ]
                },
                "28": {
                    "size": 62368,
                    "center": [
                        40.73905105167338,
                        -73.99196394367927
                    ]
                },
                "29": {
                    "size": 41188,
                    "center": [
                        40.80182631617658,
                        -73.96375653224142
                    ]
                },
                "30": {
                    "size": 1637,
                    "center": [
                        40.842259105852484,
                        -73.86322672802571
                    ]
                },
                "31": {
                    "size": 80647,
                    "center": [
                        40.76404584890256,
                        -73.98398916378837
                    ]
                },
                "32": {
                    "size": 37459,
                    "center": [
                        40.71656974987571,
                        -73.95538484566359
                    ]
                },
                "33": {
                    "size": 632,
                    "center": [
                        40.734483878823774,
                        -73.74271608907965
                    ]
                },
                "34": {
                    "size": 6938,
                    "center": [
                        40.732020128124944,
                        -73.851830672448
                    ]
                },
                "35": {
                    "size": 64857,