{
    "files_processed": 2,
    "execution_time": 620.0297608375549,
    "clustering_results": [
        {
            "files": [
                "yellow_tripdata_2015-01.csv",
                "yellow_tripdata_2016-01.csv"
            ],
            "clusters": {
                "0": {
                    "size": 3148,
                    "center": [
                        40.76242817282602,
                        -73.9220085967439
                    ]
                },
                "1": {
                    "size": 5692,
                    "center": [
                        40.72775333640748,
                        -74.00303367460687
                    ]
                },
                "2": {
                    "size": 4422,
                    "center": [
                        40.6454328618776,
                        -73.78442739907871
                    ]
                },
                "3": {
                    "size": 6906,
                    "center": [
                        40.77988107272323,
                        -73.95229955251259
                    ]
                },
                "4": {
                    "size": 4473,
                    "center": [
                        40.685532220659454,
                        -73.988147767154
                    ]
                },
                "5": {
                    "size": 8368,
                    "center": [
                        40.76025926264215,
                        -73.96939536936299
                    ]
                },
                "6": {
                    "size": 5254,
                    "center": [
                        40.77148140102393,
                        -73.86907382978018
                    ]
                },
                "7": {
                    "size": 1374,
                    "center": [
                        40.71183629794171,
                        -73.82891407757529
                    ]
                },
                "8": {
                    "size": 2701,
                    "center": [
                        40.82912189220226,
                        -73.94320957710997
                    ]
                },
                "9": {
                    "size": 624,
                    "center": [
                        40.62592243407797,
                        -74.01778010326689
                    ]
                },
                "10": {
                    "size": 9110,
                    "center": [
                        40.74761156503554,
                        -73.97946942151404
                    ]
                },
                "11": {
                    "size": 313,
                    "center": [
                        40.74350284162621,
                        -73.71966902632593
                    ]
                },
                "12": {
                    "size": 1363,
                    "center": [
                        40.64245608170213,
                        -73.96687968772919
                    ]
                },
                "13": {
                    "size": 577,
                    "center": [
                        40.847274159731725,
                        -73.85126080401987
                    ]
                },
                "14": {
                    "size": 3519,
                    "center": [
                        40.71460076703751,
                        -73.9540157614337
                    ]
                },
                "15": {
                    "size": 3337,
                    "center": [
                        40.807123955830114,
                        -73.95955461843401
                    ]
                },
                "16": {
                    "size": 444,
                    "center": [
                        40.67875231422103,
                        -74.10206822661667
                    ]
                },
                "17": {
                    "size": 1678,
                    "center": [
                        40.745620724860615,
                        -73.8888122220541
                    ]
                },
                "18": {
                    "size": 6312,
                    "center": [
                        40.76577584203565,
                        -73.98316824868877
                    ]
                },
                "19": {
                    "size": 7020,
                    "center": [
                        40.77036244417677,
                        -73.95879299091683
                    ]
                },
                "20": {
                    "size": 6366,
                    "center": [
                        40.7114300534339,
                        -74.01026794456189
                    ]
                },
                "21": {
                    "size": 2046,
                    "center": [
                        40.69312328077489,
                        -73.93123029306008
                    ]
                },
                "22": {
                    "size": 1634,
                    "center": [
                        40.849726292948176,
                        -73.92586485565457
                    ]
                },
                "23": {
                    "size": 7996,
                    "center": [
                        40.73382753098183,
                        -73.98678561380441
                    ]
                },
                "24": {
                    "size": 2151,
                    "center": [
                        40.749451341707136,
                        -73.93718222755928
                    ]
                },
                "25": {
                    "size": 4723,
                    "center": [
                        40.792572694083226,
                        -73.97048816306524
                    ]
                },
                "26": {
                    "size": 7281,
                    "center": [
                        40.743113651053235,
                        -74.0007559103043
                    ]
                },
                "27": {
                    "size": 442,
                    "center": [
                        40.60150794796379,
                        -73.9536754643536
                    ]
                },
                "28": {
                    "size": 1038,
                    "center": [
                        40.72756763822927,
                        -73.8521779204205
                    ]
                },
                "29": {
                    "size": 139,
                    "center": [
                        40.85204048065259,
                        -74.06740566409177
                    ]
                },
                "30": {
                    "size": 544,
                    "center": [
                        40.66209711543049,
                        -73.89397518974822
                    ]
                },
                "31": {
                    "size": 1038,
                    "center": [
                        40.69372809917918,
                        -73.81003056516927
                    ]
                },
                "32": {
                    "size": 3400,
                    "center": [
                        40.80039003046283,
                        -73.9420014086969
                    ]
                },
                "33": {
                    "size": 2496,
                    "center": [
                        40.67754092176624,
                        -73.96479331210546
                    ]
                },
                "34": {
                    "size": 9817,
                    "center": [
                        40.75560591976724,
                        -73.99177238557715
                    ]
                },
                "35": {
                    "size": 5941,