{
    "files_processed": 1,
    "execution_time": 531.8464508056641,
    "clustering_results": [
        {
            "files": [
                "yellow_tripdata_2015-01.csv"
            ],
            "clusters": {
                "0": {
                    "size": 2462,
                    "center": [
                        40.7299113817156,
                        -74.00284085741184
                    ]
                },
                "1": {
                    "size": 2336,
                    "center": [
                        40.75907863155647,
                        -73.92036085036824
                    ]
                },
                "2": {
                    "size": 914,
                    "center": [
                        40.70365511697724,
                        -73.81716150545238
                    ]
                },
                "3": {
                    "size": 3425,
                    "center": [
                        40.781866000320186,
                        -73.97826651858868
                    ]
                },
                "4": {
                    "size": 609,
                    "center": [
                        40.640312298284904,
                        -73.97124558163256
                    ]
                },
                "5": {
                    "size": 2697,
                    "center": [
                        40.771586171674386,
                        -73.86893111077526
                    ]
                },
                "6": {
                    "size": 1166,
                    "center": [
                        40.84248144786398,
                        -73.9338020150106
                    ]
                },
                "7": {
                    "size": 4324,
                    "center": [
                        40.74777975258519,
                        -73.97859258111805
                    ]
                },
                "8": {
                    "size": 3674,
                    "center": [
                        40.779864006166555,
                        -73.95234827098278
                    ]
                },
                "9": {
                    "size": 1259,
                    "center": [
                        40.69356704610353,
                        -73.92833850813324
                    ]
                },
                "10": {
                    "size": 2277,
                    "center": [
                        40.64515593949222,
                        -73.78413543476424
                    ]
                },
                "11": {
                    "size": 2044,
                    "center": [
                        40.73050180035672,
                        -73.98304206550392
                    ]
                },
                "12": {
                    "size": 783,
                    "center": [
                        40.67608149571773,
                        -73.95521662192166
                    ]
                },
                "13": {
                    "size": 2999,
                    "center": [
                        40.799244601953696,
                        -73.96583893478939
                    ]
                },
                "14": {
                    "size": 1204,
                    "center": [
                        40.67691533906853,
                        -73.97486923469383
                    ]
                },
                "15": {
                    "size": 368,
                    "center": [
                        40.85638806128848,
                        -73.85235454137775
                    ]
                },
                "16": {
                    "size": 304,
                    "center": [
                        40.74119429734715,
                        -73.72962426302725
                    ]
                },
                "17": {
                    "size": 3829,
                    "center": [
                        40.71256812110748,
                        -74.00959520497075
                    ]
                },
                "18": {
                    "size": 2124,
                    "center": [
                        40.75957484463009,
                        -73.99494224391005
                    ]
                },
                "19": {
                    "size": 1260,
                    "center": [
                        40.74525558417423,
                        -73.89077618133456
                    ]
                },
                "20": {
                    "size": 2003,
                    "center": [
                        40.71509246433139,
                        -73.95406847419046
                    ]
                },
                "21": {
                    "size": 69,
                    "center": [
                        40.61848609113463,
                        -74.10784536168195
                    ]
                },
                "22": {
                    "size": 1852,
                    "center": [
                        40.8004452387841,
                        -73.94204482602063
                    ]
                },
                "23": {
                    "size": 972,
                    "center": [
                        40.72138085566368,
                        -73.84573550721944
                    ]
                },
                "24": {
                    "size": 42,
                    "center": [
                        40.81850319816952,
                        -74.09244473775227
                    ]
                },
                "25": {
                    "size": 3786,
                    "center": [
                        40.77048025655529,
                        -73.95874550731544
                    ]
                },
                "26": {
                    "size": 229,
                    "center": [
                        40.60307980666516,
                        -73.94388284665379
                    ]
                },
                "27": {
                    "size": 1245,
                    "center": [
                        40.74893254804373,
                        -73.93738365213702
                    ]
                },
                "28": {
                    "size": 4531,
                    "center": [
                        40.76371749028421,
                        -73.98409409347272
                    ]
                },
                "29": {
                    "size": 3398,
                    "center": [
                        40.722494794135685,
                        -73.99212340309738
                    ]
                },
                "30": {
                    "size": 2647,
                    "center": [
                        40.744206740125165,
                        -74.00357113818275
                    ]
                },
                "31": {
                    "size": 500,
                    "center": [
                        40.863111348137004,
                        -73.90260165288582
                    ]
                },
                "32": {
                    "size": 3551,
                    "center": [
                        40.737885511555476,
                        -73.9912374765377
                    ]
                },
                "33": {
                    "size": 323,
                    "center": [
                        40.62530448333751,
                        -74.01138746404168
                    ]
                },
                "34": {
                    "size": 72,
                    "center": [
                        40.71444250919201,
                        -74.09177342167608
                    ]
                },
                "35": {
                    "size": 4457,